Administrator III,Administration
Systems Administrator IV,Information Technology
Assoc Dir Athletics II,Athletics
Professor,Professorial
HR Generalist IV,Human Resources
Applications Programmer III,Information Technology
Lecturer Sr,Teaching
"Extension Associate,Sr",Research/Extension
Teach Assoc,Teaching
Purchasing Agent III,Administration
Scholar Visit,Academic Other
TEC Specialist,Administration
Administrator IV,Administration
Finance Specialist II,Fin/Budget/Planning
Dean Assoc,Academic Administrative
Lecturer Visit,Academic Other
Research Support Spec II,Academic Support
Conservation Spec,Library/Museum
Prof Assoc,Professorial
Dining Assoc IV,Student Services
"Research Associate,Sr",Research/Extension
Research Associate,Research/Extension
Research Support Spec III,Academic Support
Prof Asst Visit,Academic Other
Student Svc Assoc II-FinAid,Student Services
Post Dr Assoc,Academic Other
AAD Program Director II,Alumni Affairs Development
Administrator VII,Administration
Librarian II,Library - Academic
Student Svc Assoc II,Student Services
Dir Acad,Academic Administrative
Director,Academic Administrative
Lecturer,Teaching
Mgr Program,Student Services
Prof Asst,Professorial
Administrator II,Administration
Fellow Postdoc,Academic Other
Prof Visiting,Academic Other
Editor IV,Communications/Marketing
IT Support Assoc II,Information Technology
Teaching Supp Spec II,Academic Support
Communication Spec III,Communications/Marketing
Asst Bursar,Fin/Budget/Planning
Asst Coach I,Athletics
Vet Resident,Health
Prof Adj,Academic Other
AAD Program Director I,Alumni Affairs Development
Engineer Architect II,Service/Facilities
Mgr Tech Svcs,Academic Support
Prof Adj Assoc,Academic Other
Exec Staff Asst II,Administration
Systems Administrator II,Information Technology
Library Assoc I,Library - Academic
Fellow Visiting,Academic Other
Clinical Professor,Professorial
Mgr Sales Mktg,Communications/Marketing
Environ Health Spec I,Service/Facilities
Mgr Finance II,Fin/Budget/Planning
Major Gifts Ofcr III,Alumni Affairs Development
Dept Chairperson,Academic Administrative
Dir Program,Student Services
Extension Supp Spec II,Academic Support
Applications Programmer IV,Information Technology
Director Facilities,Service/Facilities
Head Coach I,Athletics
Facilities Coord Projects II,Service/Facilities
Prog Analyst II,Information Technology
Prof Adj Asst,Academic Other
Extension Supp Spec I,Academic Support
Supv Farm II,Service/Facilities
Coord Program I,Student Services
Communication Mgr II,Communications/Marketing
Coord Program III,Student Services
IT Technical Writer III,Information Technology
Consultant/Advisor III,Information Technology
Mgr Publ II,Communications/Marketing
Librarian I,Library - Academic
Scientist Visit,Academic Other
"Treasurer, Assistant",Fin/Budget/Planning
Facilities Coord Projects III,Service/Facilities
Library Administrator II,Library/Museum
Supv Facilities,Service/Facilities
Head Coach II,Athletics
Research Support Spec I,Academic Support
Extension Supp Spec IV,Academic Support
Extension Associate,Research/Extension
Systems Administrator III,Information Technology
Info Tech Area Mgr II,Information Technology
Student Svc Assoc III-Admiss,Student Services
Staff Writer III,Communications/Marketing
Web Designer III,Communications/Marketing
Mgr Facilities II,Service/Facilities
Systems Engineer V,Information Technology
Instructional Tech Spec III,Information Technology
Finance Specialist III,Fin/Budget/Planning
IT Project Manager IV,Information Technology
Consultant/Advisor II,Information Technology
Project Associate II,Administration
Lecturer Courtesy,Academic Other
Chef II,Student Services
Prog Analyst Sr,Information Technology
Dir Assoc Acad,Academic Administrative
Major GIfts Ofcr IV,Alumni Affairs Development
Assoc Vice President,Administration
Engineer Architect I,Service/Facilities
Library Sr Asst,Library - Academic
Extension Supp Spec III,Academic Support
Student Svc Assoc IV,Student Services
Teaching Supp Spec IV,Academic Support
Prospect Research Ofcr II,Alumni Affairs Development
Staff Nurse,Health
Mgr Finance I,Fin/Budget/Planning
Lecturer Visit Sr,Academic Other
HR Subject Specialist IV,Human Resources
Tech Svcs Supv I,Academic Support
Sr Director Facilities,Service/Facilities
Student Svc Assoc I,Student Services
Mgr Finance III,Fin/Budget/Planning
Editor II,Communications/Marketing
Major GIfts Ofcr V,Alumni Affairs Development
Info Tech Area Mgr I,Information Technology
Asst Superintendent,Service/Facilities
Network Engineer Lead,Information Technology
Student Svc Assoc III,Student Services
Asst Ombudsperson,Administration
Applications Programmer II,Information Technology
Assoc Dir Psych Svcs,Health
Editor III,Communications/Marketing
HR Subject Specialist III,Human Resources
IT Security Engineer IV,Information Technology
IT Operations Mgr II,Information Technology
Andrew D. White Prof-At-Large,Academic Other
HR Generalist II,Human Resources
Dir Info Tech,Information Technology
Plan/ Research Assoc II,Fin/Budget/Planning
Physical Therapist,Health
User Interface/Exp Spec III,Information Technology
Superintendent,Service/Facilities
Instructor Wellness Fitness,Health
Network Engineer Spec,Information Technology
Applications Sys Analyst II,Information Technology
Dining Assoc I,Student Services
Athletic Trainer,Athletics
Research Support Spec IV,Academic Support
Purchasing Agent IV,Administration
Administrator VI,Administration
Web Designer II,Communications/Marketing
Dean Academic,Academic Administrative
Coord Program II,Student Services
Annual Fund Officer V,Alumni Affairs Development
Student Svc Assoc I-Admiss,Student Services
Info Tech Asst Dir II,Information Technology
"Dept. Chairperson, Assoc",Academic Administrative
Critic Visiting,Academic Other
Instructor Courtesy,Academic Other
Prof Assoc Vis,Academic Other
Dir Govt Relations,Administration
Assoc Ombudsperson,Administration
Research Scientist,Research/Extension
Purchasing Agent II,Administration
Counselor Therapist II,Health
Nurse Practitioner,Health
Network Engineer III,Information Technology
Consultant/Advisor Spec,Information Technology
Dean Grad School,Academic Administrative
Alumni Engagement Ofcr II,Alumni Affairs Development
Data Analyst II,Fin/Budget/Planning
Gift Associate II,Alumni Affairs Development
"Librarian, Assistant",Library - Academic
Instructional Tech Spec II,Information Technology
Facilities Mgr Projects II,Service/Facilities
Physician,Health
Dept Chairperson Acting,Academic Administrative
Communication Mgr I,Communications/Marketing
Systems Engineer IV,Information Technology
Dir Operations,Academic Support
Staff Writer II,Communications/Marketing
Facilities Designer II,Service/Facilities
Alumni Engagement Ofcr I,Alumni Affairs Development
Business Intelligence Eng IV,Information Technology
IT Operations Supv,Information Technology
Assoc Univ Counsel,Administration
Project Manager,Administration
HR Generalist III,Human Resources
Head Golf Pro,Athletics
Veterinarian,Health
Engineer/Architect Manager,Service/Facilities
Info Tech Asst Dir I,Information Technology
Software Engineer IV,Information Technology
College Grant/Cont Ofcr,Administration
Public Affairs Ofcr III,Alumni Affairs Development
Student Svc Assoc IV-Admiss,Student Services
Chief Preparator,Library/Museum
Database Administrator IV,Information Technology
Development Support Ofcr II,Alumni Affairs Development
Grant Contract Ofcr I,Administration
Prog Analyst III,Information Technology
Counselor Therapist I,Health
Purchasing Agent V,Administration
Professor Associate Courtesy,Academic Other
Financial Analyst,Fin/Budget/Planning
Administrator V,Administration
Facilities Mgr Projects I,Service/Facilities
Annual Fund Officer III,Alumni Affairs Development
Judicial Admin,Student Services
Alumni Engaggement Ofcr IV,Alumni Affairs Development
Graphic Designer III,Communications/Marketing
IT Support Assoc III,Information Technology
HR Manager-College/Unit,Human Resources
Golf Course Supt,Athletics
Multi Media Associate,Communications/Marketing
Teaching Supp Spec III,Academic Support
Info Tech Assoc Dir,Information Technology
Alumni Engagement Ofcr III,Alumni Affairs Development
IT Business Analyst IV,Information Technology
Diversity/Inclusion Spec IV,Human Resources
Curator II,Library/Museum
Environ Health Spec II,Service/Facilities
HR Director II - Subj Spec,Human Resources
Dir Sales Mktg,Communications/Marketing
Library Univ,Library - Academic
Photo Specialist,Communications/Marketing
Project Associate I,Administration
Athletic Operations Admin I,Athletics
Asst Coach II,Athletics
Communication Spec II,Communications/Marketing
Mgr Real Estate,Fin/Budget/Planning
Res Hall Assoc II,Student Services
University Registrar,Student Services
User Interface/Exp Spec II,Information Technology
Dir Cornell Career Svcs,Student Services
Dining Assoc II,Student Services
Grant Contract Ofcr III,Administration
Head Athletic Trainer,Athletics
HR Director - College/Unit,Human Resources
Dean,Academic Administrative
Library Administrator III,Library/Museum
Graphic Designer II,Communications/Marketing
Reference Spec,Library/Museum
Applications Sys Analyst III,Information Technology
Major Gifts Ofcr II,Alumni Affairs Development
Museum Assoc I,Library/Museum
Chef I,Student Services
TEC Professional,Administration
Student Svc Assoc VI-FinAid,Student Services
Supv Museum Security,Library/Museum
Student Svc Assoc II-Admiss,Student Services
Tech Svcs Supv II,Academic Support
Mgr Farm I,Service/Facilities
HR Director I - Subj Spec,Human Resources
Mgr Facilities I,Service/Facilities
Dir Adv Technology Assessment,Academic Support
Mgr Publ I,Communications/Marketing
Student Svc Assoc V,Student Services
Mgr Wellness Fitness,Health
Pharmacist,Health
Provost,Academic Administrative
Environ Health Spec III,Service/Facilities
Curator I,Library/Museum
Health Educator II,Health
Sr Investment Officer,Fin/Budget/Planning
Mgr Retail I,Administration
Prog Analyst Spec,Information Technology
University Counsel,Administration
Stewardship Ofcr I,Alumni Affairs Development
Dir Assistant Acad,Academic Administrative
Coord Conference II,Administration
Prog Analyst Lead,Information Technology
Asst Clinical Prof Visiting,Academic Other
Investment Officer,Fin/Budget/Planning
Theatre Manager,Administration
Instructor Visiting,Academic Other
Mgr Farm II,Service/Facilities
Development Support Ofcr IV,Alumni Affairs Development
Dir Payroll,Fin/Budget/Planning
Library Assoc II,Library - Academic
Res Hall Assoc I,Student Services
Prof Courtesy,Academic Other
IT Business Analyst III,Information Technology
Print Prod Coord,Communications/Marketing
Bursar,Fin/Budget/Planning
VP Student & Acad Svcs,Student Services
Assistant Registrar,Student Services
Dir Space Planning,Fin/Budget/Planning
Cataloger,Library/Museum
IT Project Manager III,Information Technology
Asst Dir Payroll,Fin/Budget/Planning
Psychiatrist,Health
Dir Psych Svcs,Health
Consultant/Advisor Lead,Information Technology
Vice Provost Assoc,Academic Administrative
Exec Staff Asst III,Administration
Consultant/Advisor Sr,Information Technology
Plan/ Research Assoc I,Fin/Budget/Planning
Landscape Architect I,Service/Facilities
Stewardship Ofcr III,Alumni Affairs Development
Managing Editor,Communications/Marketing
Scientist Sr,Academic Other
Instructor,Teaching
Applications Sys Analyst IV,Information Technology
Archiv I,Library - Academic
Mgr Pe II,Athletics
Gannett Resident,Health
Principal GIfts Ofcr,Alumni Affairs Development
Assoc Bursar,Fin/Budget/Planning
Exec Staff Asst I,Administration
Senior Assoc Vice President,Administration
Student Svc Assoc VI,Student Services
Grant Contract Ofcr II,Administration
Archiv Asst,Library - Academic
Annual Fund Officer II,Alumni Affairs Development
Fellow Provost,Academic Other
Governmental Assoc,Administration
Exec Staff Asst IV,Administration
Print Prod Assoc II,Communications/Marketing
Asst Golf Course Supt,Athletics
Staff Writer I,Communications/Marketing
Trust Ofcr III,Alumni Affairs Development
Special Events Mgr-Pres Ofc,Administration
Systems Engineer III,Information Technology
Professor Assistant Courtesy,Academic Other
Audit Manager,Fin/Budget/Planning
Multimedia Producer,Communications/Marketing
Vet Intern,Health
Student Svc Assoc I-FinAid,Student Services
CorporationFoundation Ofcr IV,Alumni Affairs Development
Deputy Chief Cornell Police,Service/Facilities
Head Pharmacist,Health
Diversity/Inclusion Spec III,Human Resources
Instructional Tech Spec IV,Information Technology
VP Univ Relations,Communications/Marketing
Museum Assoc II,Library/Museum
Physical Therapy Assistant,Health
Development Support Ofcr III,Alumni Affairs Development
Dir Professional Ed Prog,Administration
Student Svc Assoc III-FinAid,Student Services
Annual Fund Officer IV,Alumni Affairs Development
IT Operations Mgr I,Information Technology
Teaching Supp Spec V,Academic Support
VP Info Tech,Information Technology
Visiting Scholar,Titles - Puerto Rico
VP Human Resources,Human Resources
Investment Analyst,Fin/Budget/Planning
Director Cornell Store,Administration
Athletic Operations Admin II,Athletics
University Auditor,Fin/Budget/Planning
VP University Communications,Communications/Marketing
Library Assoc Univ,Library - Academic
Prospect Research Ofcr III,Alumni Affairs Development
Senior Auditor,Fin/Budget/Planning
Research Intern - Unpaid,Miscellaneous Non CRS
Director CARE,Health
Lecturer Courtesy Sr,Academic Other
Gift Planning Ofcr III,Alumni Affairs Development
Business Intelligence Eng V,Information Technology
Principal Research Scientist,Research/Extension
Instructor Pe,Athletics
Business Intelligence Eng III,Information Technology
Collections Specialist II,Library/Museum
Principal Investment Analyst,Fin/Budget/Planning
Public Affairs Officer IV,Communications/Marketing
Administrator III-PR,Titles - Puerto Rico
"Vet Tech, Section Supervisor",Health
Asst Univ Counsel,Administration
Database Administrator III,Information Technology
HR Subject Specialist  II,Human Resources
Dir Financial Research Admin,Fin/Budget/Planning
Dir Athletics,Athletics
Estimator,Service/Facilities
Coord Projects III,Service/Facilities
Corporation-Foundation Ofcr II,Alumni Affairs Development
Phys Therapy Supv,Health
Vice Provost,Academic Administrative
Dining Assoc III,Student Services
Ombudsperson,Administration
Network Engineer II,Information Technology
Supv Facilities I,Service/Facilities
Diversity/Inclusion Spec II,Human Resources
Stewardship Ofcr IV,Alumni Affairs Development
VP Pub Affairs,Alumni Affairs Development
Nurse Supv I,Health
CorporationFoundation Ofcr V,Alumni Affairs Development
TEC Manager,Administration
Network Engineer Sr,Information Technology
Assoc VP/Univ Treasurer,Fin/Budget/Planning
Controller,Fin/Budget/Planning
Gift Planning Ofcr IV,Alumni Affairs Development
Dean of Students,Student Services
Student Svc Assoc V-FinAid,Student Services
Archiv Assoc I,Library - Academic
Vice President,Administration
Stewardship Ofcr II,Alumni Affairs Development
Assoc Clinical Professor,Professorial
Archiv II,Library - Academic
Student Svc Assoc VI-Admiss,Student Services
Mgr Retail II,Administration
VP Finance and CFO,Fin/Budget/Planning
VP Serv/ Facilities,Service/Facilities
IT Security Engineer III,Information Technology
Supv Retail,Administration
Assistant Clinical Professor,Professorial
Speech Writer-President,Communications/Marketing
Area Coord Res Life,Student Services
Gift Planning Ofcr V,Alumni Affairs Development
Scholar Sr,Academic Other
Software Engineer V,Information Technology
Major Gifts Ofcr I,Alumni Affairs Development
Health Educator I,Health
Nurse Supv II,Health
Sr Vice Provost,Academic Administrative
Assoc Judicial Admin,Student Services
Mgr Maint Svcs,Service/Facilities
Sr Vice Provost for Research,Academic Support
Director IT Audit,Information Technology
Assoc Controller,Fin/Budget/Planning
Dir Assoc,Academic Administrative
IT Security Engineer V,Information Technology
Real Estate Assoc III,Fin/Budget/Planning
President,Academic Administrative
Finance Specialist I,Fin/Budget/Planning
Dir Plan/Research,Fin/Budget/Planning
Dir Cornell Business Svcs,Administration
Associate Dir Athletics I,Athletics
Info Tech Engineer Spec,Information Technology
Prof Leading,Professorial
VP Govt/Community Relations,Administration
Assoc Secretary of the Corp,Administration
Dir Univ Press,Communications/Marketing
Nurse Practitioner Supervisor,Health
Special Assistant to Provost,Academic Administrative
VP for Planning & Budget,Fin/Budget/Planning
Lieutenant Cornell Police,Service/Facilities
CorporationFoundation Ofcr III,Alumni Affairs Development
Chief Cornell Police,Service/Facilities
Chef III,Student Services
Director Dining Services,Student Services
Managing Dir-Statler,Administration
Audit Director,Fin/Budget/Planning
Multimedia Senior Producer,Communications/Marketing
Student Svc Assoc V-Admiss,Student Services
Dir Real Estate,Fin/Budget/Planning
Deputy Univ Counsel,Administration
Multimedia Editor,Communications/Marketing
Facilities Designer I,Service/Facilities
Dir Risk Management,Fin/Budget/Planning
Assoc Dean-Continuing Ed,Student Services
Assoc Dir Investment,Fin/Budget/Planning
Dir Cash Mgmt,Fin/Budget/Planning
Dir Univ Ministries,Student Services
Dir Health Svcs,Health
Dir OSP,Administration
Dir Facilities I,Service/Facilities
IT Project Manager V,Information Technology
Public Affairs Officer V,Communications/Marketing
User Interface/Exp Spec IV,Information Technology
Museum Associate II,Library/Museum
Planning/Research Associate I,Fin/Budget/Planning
Programmer/Analyst II,Information Technology
Program Manager,Student Services
Teaching Support Specialist II,Academic Support
Extension Support Specialist III,Research/Extension
Student Services Associate IV - Admissions,Student Services
Planning/Research Associate II,Fin/Budget/Planning
VP Government/Community Relations,Administration
Teaching Support Specialist IV,Academic Support
Student Services Associate II - Financial Aid,Student Services
Senior Programmer/Analyst,Information Technology
Senior Extension Associate,Research/Extension
Retail Manager II,Administration
Student Services Associate III - Financial Aid,Student Services
Student Services Associate III - Admissions,Student Services
Consultant/Advisor Specialist,Information Technology
Technical Services Supervisor II,Academic Support
Grant/Contract Ofcr III,Fin/Budget/Planning
Maintenance Services Manager,Service/Facilities
Finance Manager I,Fin/Budget/Planning
Nurse Supervisor II,Health
Student Services Associate V,Student Services
VP Public Affairs,Administration
Museum Security Supervisor,Library/Museum
Judicial Administrator,Administration
Associate Ombudsperson,Administration
Special Assistant to the Provost,Administration
Physical Therapy Supervisor,Health
Retail Manager I,Administration
Facilities Supervisor I,Service/Facilities
Program Coordinator II,Student Services
Facilities Manager II,Service/Facilities
Golf Course Superintendent,Athletics
Assistant Coach II,Athletics
Associate University Counsel,Administration
Environmental Health Specialist I,Service/Facilities
Finance Manager III,Fin/Budget/Planning
Deputy University Counsel,Administration
Student Services Associate VI,Student Services
Technical Services Supervisor I,Academic Support
Trust Officer III,Fin/Budget/Planning
Student Services Associate I - Admissions,Student Services
IT Support Associate II,Information Technology
Coordinator of Projects III,Service/Facilities
Grant/Contract Officer II,Fin/Budget/Planning
Associate Vice President,Administration
Assistant Ombudsperson,Administration
Info Tech Area Manager II,Information Technology
Manager of Real Estate,Fin/Budget/Planning
Research Support Specialist II,Academic Support
Farm Supervisor II,Service/Facilities
Senior Scholar,Academic Other
Museum Associate I,Library/Museum
VP Services/Facilities,Administration
Executive Staff Assistant III,Administration
Grant/Contract Officer I,Fin/Budget/Planning
Athletic Operations Administrator II,Athletics
Info Tech Engineer Specialist,Information Technology
Student Services Associate VI - Admissions,Student Services
Executive Staff Assistant I,Administration
Dining Associate II,Student Services
Senior Vice Provost for Research,Administration
Extension Support Specialist II,Research/Extension
VP Information Technology,Administration
Special Events Manager - Pres. Office,Administration
Info Tech Area Manager I,Information Technology
Extension Support Specialist I,Research/Extension
Student Services Associate V - Financial Aid,Student Services
Reference Specialist,Library/Museum
Retail Supervisor,Administration
P.E. Manager II,Athletics
Communication Specialist II,Communications/Marketing
College/Unit HR Manager,Human Resources
Assistant Golf Course Superintendent,Athletics
Student Services Associate II,Student Services
Associate Bursar,Fin/Budget/Planning
Program Coordinator I,Student Services
Assistant Coach I,Athletics
Teaching Support Specialist III,Academic Support
Courtesy Instructor,Academic Other
Senior Research Associate,Research/Extension
Associate VP / University Treasurer,Administration
Public Affairs Officer III,Administration
Associate Judicial Administrator,Administration
Student Services Associate VI - Financial Aid,Student Services
Senior Scientist,Academic Other
Research Intern,Miscellaneous Non CRS
Visiting Scientist,Academic Other
