"Prof Emeritus","Professorial"
"Consultant/Advisor II","Computers & Networks"
"Post Dr Assoc","Academic Other"
"Exec Staff Asst II","Administration"
"Dir Assistant Acad","Academic Administrative"
"Senior Auditor","Fin/Budget/Planning"
"Prof Adj Assoc","Academic Other"
"Administrator III","Administration"
"Mgr Finance III","Fin/Budget/Planning"
"Research Associate","Research/Extension"
"Environ Health Spec I","Service/Facilities"
"Lecturer","Teaching"
"Communication Mgr II","Communications"
"Prof Asst Visit","Academic Other"
"Administrator II","Administration"
"Prod Assoc II","Communications"
"Student Svc Assoc IV","Student Services"
"Data Analyst II","Fin/Budget/Planning"
"HR Manager-College/Unit","Human Resources"
"Prof Adj","Academic Other"
"Director Projects","Service/Facilities"
"Lecturer Sr","Teaching"
"Prog Analyst III","Computers & Networks"
"Prog Analyst II","Computers & Networks"
"Research Support Spec II","Academic Support"
"Staff Writer III","Communications"
"Scientist Visit","Academic Other"
"Controller","Fin/Budget/Planning"
"Prof Assoc","Professorial"
"Fellow Visiting","Academic Other"
"Dept Chairperson","Academic Administrative"
"Consultant/Advisor Lead","Computers & Networks"
"Library Assoc Univ","Library - Academic"
"Research Support Aide","Academic Support"
"Asst Coach II","Athletics"
"Prof Courtesy","Academic Other"
"Asst Coach I","Athletics"
"Extension Associate,Sr","Research/Extension"
"Prog Analyst Sr","Computers & Networks"
"Student Svc Assoc II-FinAid","Student Services"
"Research Associate,Sr","Research/Extension"
"Vet Resident","Health"
"Res Hall Assoc I","Student Services"
"Public Affairs Ofcr III","Alumni Affairs Development"
"Consultant/Advisor Spec","Computers & Networks"
"Research Support Spec III","Academic Support"
"Student Svc Assoc IV-Admiss","Student Services"
"Student Svc Assoc I","Student Services"
"HR Generalist III","Human Resources"
"Instructor","Teaching"
"Finance Specialist III","Fin/Budget/Planning"
"Library Administrator II","Library/Museum"
"Consultant/Advisor Sr","Computers & Networks"
"VP for Planning & Budget","Fin/Budget/Planning"
"Dir OSP","Administration"
"Res Hall Assoc II","Student Services"
"Lecturer Visit Sr","Academic Other"
"Info Tech Engineer Spec","Computers & Networks"
"Extension Supp Spec II","Academic Support"
"Info Tech Area Mgr I","Computers & Networks"
"Instructor Pe","Athletics"
"Computer Oper Supv","Computers & Networks"
"Finance Specialist II","Fin/Budget/Planning"
"Asst Golf Course Supt","Athletics"
"Staff Nurse","Health"
"Prog Analyst Spec","Computers & Networks"
"Student Svc Assoc III","Student Services"
"Public Affairs Ofcr IV","Alumni Affairs Development"
"Administrator VI","Administration"
"Tech Svcs Supv II","Academic Support"
"Director","Academic Administrative"
"Head Coach I","Athletics"
"Coord Conference II","Administration"
"Scientist Srv Hd","Titles - Puerto Rico"
"Prof Adj Asst","Academic Other"
"Teaching Supp Spec III","Academic Support"
"Prog Analyst Lead","Computers & Networks"
"Landscape Architect II","Service/Facilities"
"Student Svc Assoc II","Student Services"
"Consultant/Advisor III","Computers & Networks"
"Extension Associate","Research/Extension"
"Library Assoc I","Library - Academic"
"Extension Supp Spec I","Academic Support"
"Library Assoc II","Library - Academic"
"Alumni Affrs Ofcr III","Alumni Affairs Development"
"Scholar Visit","Academic Other"
"Supv Farm II","Service/Facilities"
"Library Sr Asst","Library - Academic"
"Dir Assoc Acad","Academic Administrative"
"Health Educator II","Health"
"Cataloger","Library/Museum"
"Administrator IV","Administration"
"Dining Assoc I","Student Services"
"Theatre Manager","Administration"
"Dining Assoc III","Student Services"
"Administrator VII","Administration"
"Museum Assoc II","Library/Museum"
"Research Support Spec I","Academic Support"
"President","Academic Administrative"
"Alumni Affrs Ofcr IV","Alumni Affairs Development"
"Fellow Postdoc","Academic Other"
"Coord Program I","Student Services"
"Director Acad","Academic Administrative"
"Mgr Finance I","Fin/Budget/Planning"
"Assoc Dir Psych Svcs","Health"
"Student Svc Assoc I-FinAid","Student Services"
"Manager Projects I","Service/Facilities"
"Info Tech Asst Dir I","Computers & Networks"
"Mgr Publ I","Communications"
"Librarian I","Library - Academic"
"HR Director - College/Unit","Human Resources"
"Athletic Trainer","Athletics"
"Dir Facilities I","Service/Facilities"
"Supv Facilities II","Service/Facilities"
"Psychiatrist","Health"
"Student Svc Assoc III-Admiss","Student Services"
"Dir Acad","Academic Administrative"
"Grant Contract Ofcr I","Administration"
"Counselor Therapist II","Health"
"Athletic Operations Admin I","Athletics"
"Regional Assoc I","Alumni Affairs Development"
"Extension Supp Spec IV","Academic Support"
"Principal Investment Analyst","Fin/Budget/Planning"
"Lecturer Visit","Academic Other"
"Mgr Facilities I","Service/Facilities"
"Coord Projects II","Service/Facilities"
"Engineer/Architect Manager","Service/Facilities"
"Instructor Wellness Fitness","Health"
"Info Tech Asst Dir II","Computers & Networks"
"Computer Oper Mgr I","Computers & Networks"
"Dir Acting","Academic Administrative"
"Administrator V","Administration"
"HR Generalist IV","Human Resources"
"Info Tech Engineer III","Computers & Networks"
"Communication Mgr I","Communications"
"Dean Academic","Academic Administrative"
"Chef I","Student Services"
"Network Oper Supv","Computers & Networks"
"Asst Ombudsperson","Student Services"
"Dir Info Tech","Computers & Networks"
"Teaching Supp Spec II","Academic Support"
"Prof Assoc Vis","Academic Other"
"Museum Assoc I","Library/Museum"
"Managing Editor","Communications"
"Dir Govt Affairs","Administration"
"Scientist Sr","Academic Other"
"Graphic Designer III","Communications"
"Dining Assoc II","Student Services"
"Res Assoc - PRico","Titles - Puerto Rico"
"Professor Assistant Courtesy","Academic Other"
"Dean Assoc","Academic Administrative"
"Info Tech Area Mgr II","Computers & Networks"
"Public Affairs Ofcr II","Alumni Affairs Development"
"Dir Risk Management","Fin/Budget/Planning"
"Vet Tech, Section Supervisor","Health"
"Alumni Affrs Ofcr II","Alumni Affairs Development"
"Staff Writer II","Communications"
"Assoc Bursar","Fin/Budget/Planning"
"Multimedia Producer","Communications"
"Supv Shop","Service/Facilities"
"Editor III","Communications"
"TEC Professional","Administration"
"Archiv I","Library - Academic"
"Director IT Audit","Computers & Networks"
"IT Support Assoc III","Computers & Networks"
"Vet Intern","Health"
"VP University Communications","Communications"
"Public Affairs Ofcr V","Alumni Affairs Development"
"Supv Retail","Administration"
"Teach Assoc","Teaching"
"Student Svc Assoc V","Student Services"
"Purchasing Agent III","Administration"
"Environ Health Spec II","Service/Facilities"
"HR Subject Specialist IV","Human Resources"
"Info Tech Engineer Sr","Computers & Networks"
"HR Subject Specialist III","Human Resources"
"Library Administrator III","Library/Museum"
"Multimedia Editor","Communications"
"Principal Research Scientist","Research/Extension"
"Staff Writer I","Communications"
"Pharmacist","Health"
"Coord Program II","Student Services"
"Scientist Visit Sr","Academic Other"
"Vice Provost","Academic Administrative"
"Asst Bursar","Fin/Budget/Planning"
"Extension Supp Spec III","Academic Support"
"Lect Courtesy Sr","Academic Other"
"Librarian, Assistant","Library - Academic"
"HR Subject Specialist  II","Human Resources"
"Chef III","Student Services"
"VP Govt/Community Relations","Administration"
"Advrt Assoc I","Communications"
"Manager Projects II","Service/Facilities"
"Deputy Chief Cornell Police","Service/Facilities"
"Professor Associate Courtesy","Academic Other"
"Lect Courtesy","Academic Other"
"Librarian II","Library - Academic"
"Info Tech Engineer Lead","Computers & Networks"
"Exec Staff Asst III","Administration"
"Mgr Tech Svcs","Academic Support"
"Prof Asst","Professorial"
"Plan/ Research Assoc II","Fin/Budget/Planning"
"Research Scientist","Research/Extension"
"College Grant/Cont Ofcr","Administration"
"Critic Visiting","Academic Other"
"Student Svc Assoc IV-FinAid","Student Services"
"Info Tech Area Supv","Computers & Networks"
"Mgr Retail I","Administration"
"Student Svc Assoc VI-FinAid","Student Services"
"Mgr Finance II","Fin/Budget/Planning"
"Financial Analyst","Fin/Budget/Planning"
"Mgr Maint Svcs","Service/Facilities"
"Communication Spec III","Communications"
"Assoc Univ Counsel","Administration"
"Res Assoc Sr-PRico","Titles - Puerto Rico"
"Mgr Program","Student Services"
"Sr Cmptr Stf Sp","Titles - Puerto Rico"
"Chef II","Student Services"
"Student Svc Assoc II-Admiss","Student Services"
"Prof Visiting","Academic Other"
"Graphic Designer II","Communications"
"Environ Health Spec III","Service/Facilities"
"Trust Ofcr II","Alumni Affairs Development"
"Golf Course Supt","Athletics"
"Conservation Spec","Library/Museum"
"Deputy Univ Counsel","Administration"
"Engineer Architect I","Service/Facilities"
"Dir Operations","Academic Support"
"Sr Investment Officer","Fin/Budget/Planning"
"Dept. Chairperson, Assoc","Academic Administrative"
"Mgr Wellness Fitness","Health"
"Head Coach II","Athletics"
"Computer Oper Mgr II","Computers & Networks"
"Area Coord Res Life","Student Services"
"Alumni Affrs Ofcr I","Alumni Affairs Development"
"Senior University Advisor","Administration"
"Editor II","Communications"
"Lieutenant Cornell Police","Service/Facilities"
"TEC Specialist","Administration"
"Provost","Academic Administrative"
"Research Support Spec IV","Academic Support"
"HR Generalist II","Human Resources"
"Lecturer Courtesy Sr","Academic Other"
"Mech Eng III","Titles - Puerto Rico"
"Physical Therapist","Health"
"Engineer Architect II","Service/Facilities"
"Exec Staff Asst IV","Administration"
"Sr Investment Analyst","Fin/Budget/Planning"
"Staff Oprn Tech","Titles - Puerto Rico"
"Physician","Health"
"Assoc VP/Univ Treasurer","Fin/Budget/Planning"
"Plan/ Research Assoc I","Fin/Budget/Planning"
"Mgr Facilities II","Service/Facilities"
"Lecturer Courtesy","Academic Other"
"Student Svc Assoc III-FinAid","Student Services"
"Research Intern - paid","Miscellaneous Non CRS"
"Sr Resident","Health"
"Reference Spec","Library/Museum"
"Photo Spec II","Communications"
"TEC Manager","Administration"
"Mgr Farm II","Service/Facilities"
"Provost Associate","Academic Administrative"
"Athletic Operations Admin II","Athletics"
"Sr Vice Provost for Research","Academic Support"
"Dir Assoc Acting","Academic Administrative"
"Coord Projects III","Service/Facilities"
"Assoc Vice President","Administration"
"Purchasing Agent II","Administration"
"Consultant/Advisor II-PR","Titles - Puerto Rico"
"Dean","Academic Administrative"
"Student Svc Assoc VI","Student Services"
"Curator II","Library/Museum"
"Scholar Sr","Academic Other"
"HR Director II - Subj Spec","Human Resources"
"Dir Psych Svcs","Health"
"Mgr Publ II","Communications"
"Veterinarian","Health"
"Coord Prod","Communications"
"Bursar","Fin/Budget/Planning"
"VP Univ Relations","Communications"
"Special Assistant to Provost","Academic Administrative"
"Supv Museum Security","Library/Museum"
"Dir Facilities II","Service/Facilities"
"Nurse Supv II","Health"
"IT Support Assoc II","Computers & Networks"
"Dir Cornell Career Svcs","Student Services"
"Info Tech Assoc Dir","Computers & Networks"
"Library III Asst Dir","Library - Academic"
"Supv Plant","Service/Facilities"
"Mgr Mktg","Communications"
"Editor IV","Communications"
"Real Estate Assoc III","Fin/Budget/Planning"
"Nurse Practitioner","Health"
"Tech Svcs Supv I","Academic Support"
"Estimator","Service/Facilities"
"Teaching Supp Spec IV","Academic Support"
"Mgr Pe II","Athletics"
"Audit Director","Fin/Budget/Planning"
"Instructor Visiting","Academic Other"
"Dir Professional Ed Prog","Administration"
"Communication Spec II","Communications"
"Instructor Courtesy","Academic Other"
"Coord Program III","Student Services"
"Dir Health Svcs","Health"
"Asst Secretary of the Corp","Administration"
"Finance Specialist I","Fin/Budget/Planning"
"Supv Facilities I","Service/Facilities"
"Facilities Designer II","Service/Facilities"
"Administrator I","Administration"
"Supv Materials/ Warehouse II","Service/Facilities"
"Dean Grad School","Academic Administrative"
"Public Affairs Ofcr I","Alumni Affairs Development"
"Teaching Supp Spec V","Academic Support"
"Data Analyst 2","Titles - Puerto Rico"
"Network Oper Mgr I","Computers & Networks"
"Mgr Retail II","Administration"
"VP Serv/ Facilities","Service/Facilities"
"Exec Staff Asst I","Administration"
"VP Finance and CFO","Fin/Budget/Planning"
"Head Pharmacist","Health"
"Grant Contract Ofcr III","Administration"
"Dir Athletics","Athletics"
"Info Tech Engineer II","Computers & Networks"
"Senior Assoc Vice President","Administration"
"Nurse Practitioner Supervisor","Health"
"Investment Analyst","Fin/Budget/Planning"
"Investment Officer","Fin/Budget/Planning"
"Prof Actg Asst","Academic Other"
"Dir Facilities III","Service/Facilities"
"Dir Program","Student Services"
"Administrator II-PR","Titles - Puerto Rico"
"Archiv Asst","Library - Academic"
"Nurse Supv I","Health"
"Facilities Designer I","Service/Facilities"
"Research Support Spec I-PR","Titles - Puerto Rico"
"Farrier","Health"
"Mgr Farm I","Service/Facilities"
"Chief Preparator","Library/Museum"
"VP Human Resources","Human Resources"
"Dir Cornell Business Svcs","Administration"
"Research Support Spec III-PR","Titles - Puerto Rico"
"VP Pub Affairs","Alumni Affairs Development"
"Network Oper Mgr II","Computers & Networks"
"Purchasing Agent V","Administration"
"Dir Environ Health","Service/Facilities"
"Audit Manager","Fin/Budget/Planning"
"Gannett Resident","Health"
"Director Assoc Acad","Academic Administrative"
"Archiv II","Library - Academic"
"Director Dining Services","Student Services"
"Library Assistant Univ","Library - Academic"
"Administrator III-PR","Titles - Puerto Rico"
"Dir Sales Mktg","Administration"
"Judicial Admin","Student Services"
"Purchasing Agent IV","Administration"
"Dir Cash Mgmt","Fin/Budget/Planning"
"HR Director I - Subj Spec","Human Resources"
"Student Svc Assoc V-FinAid","Student Services"
"Archiv Sr Asst","Library - Academic"
"Consultant/Writer","Communications"
"Head Athletic Trainer","Athletics"
"Student Svc Assoc I-Admiss","Student Services"
"Info Tech Engineer II-PR","Titles - Puerto Rico"
"Chief Cornell Police","Service/Facilities"
"Regional Assoc II","Alumni Affairs Development"
"Research Intern - Unpaid","Miscellaneous Non CRS"
"Ombudsperson","Student Services"
"Sr Vice Provost","Academic Administrative"
"Mech Eng II","Titles - Puerto Rico"
"Assoc Dir Athletics","Athletics"
"Phys Therapy Supv","Health"
"Head Golf Pro","Athletics"
"IT Asst Dir II-PR","Titles - Puerto Rico"
"Physical Therapy Assistant","Health"
"Assoc Dir Payroll","Fin/Budget/Planning"
"Administrator V-PR","Titles - Puerto Rico"
"Research Support Spec II-PR","Titles - Puerto Rico"
"Dir Univ Press","Communications"
"Mgr Real Estate","Fin/Budget/Planning"
"Grant Contract Ofcr II","Administration"
"Student Svc Assoc VI-Admiss","Student Services"
"Dir Plan/Research","Fin/Budget/Planning"
"Dir Financial Research Admin","Fin/Budget/Planning"
"Vice Provost Assoc","Academic Administrative"
"Dir WDELQ","Human Resources"
"Curator I","Library/Museum"
"Senior Consultant to President","Administration"
"Dir Payroll","Fin/Budget/Planning"
"Mgr Sales","Communications"
"HR Generalist III-PR","Titles - Puerto Rico"
"Broadcast Engr","Communications"
"Executive Staff Asst I-PR","Titles - Puerto Rico"
"University Counsel","Administration"
"Student Svcs Assoc II","Student Services"
"Assoc Dir Investment","Fin/Budget/Planning"
"Assoc Judicial Admin","Student Services"
"Assoc Dean-Continuing Ed","Student Services"
"University Auditor","Fin/Budget/Planning"
"Special Events Mgr-Pres Ofc","Administration"
"Dir Space Planning","Fin/Budget/Planning"
"Dir Assoc","Academic Administrative"
"Dir Univ Ministries","Student Services"
"Dining Assoc IV","Student Services"
"Managing Dir-Statler","Administration"
"Library Univ","Library - Academic"
"Dir Real Estate","Fin/Budget/Planning"
"Dept Chairperson Acting","Academic Administrative"
"Supv Facilities II - PR","Titles - Puerto Rico"
"VP Student & Acad Svcs","Student Services"
"Dir Adv Technology Assessment","Academic Support"
"Dean of Students","Student Services"
"Visiting Scholar","Titles - Puerto Rico"
"Environ Health Spec II-PR","Titles - Puerto Rico"
"Multimedia Senior Producer","Communications"
"Landscape Architect I","Service/Facilities"
"Trust Ofcr III","Alumni Affairs Development"
